ROOM SERVICE,C
CANTON GOURMET,A
PEKING DUCK HOUSE,B
CREMA,A
SHANGHAI ASIAN MANOR,A
DAFNI GREEK TAVERNA,A
SENTOSA MALAYSIAN CUISINE,A
TOUT VA BIEN,A
BECCO,A
SPICY & TASTY,A
NICE GREEN BO RESTAURANT,A
CESCA,A
HOP SHING RESTAURANT,A
OCEAN GRILL,A
ASIAN JEWELS SEAFOOD RESTAURANT,A
BO KY RESTAURANT,A
COLICCHIO & SONS MAIN DINING ROOM,A
THE GREEN TABLE,A
DANNY NG'S PLACE,A
TRAMONTI,B
NAKA NAKA,A
IL CORTILE,A
PAM REAL THAI FOOD,A
PARS GRILL HOUSE AND BAR,A
CHEZ NAPOLEON,A
Q2 THAI,A
FIREBIRD RESTAURANT,A
NEW MALAYSIA RESTAURANT,A
SAM WON GAK,A
PICHOLINE,A
PRINT,A
DOVETAIL,A
TRE DICI,A
DA UMBERTO RESTAURANT,A
BOULUD SUD,A
BISTRO LA PROMENADE,A
WO HOP RESTAURANT,A
BIG WONG KING,A
BAR BOULUD,A
KUM GANG SAN RESTAURANT,A
HUNAN KITCHEN OF GRAND SICHUAN,A
JADE ASIAN RESTAURANT & CATERER,A
TIA POL,A
DEL POSTO,A
ORIENTAL GARDEN RESTAURANT,A
DANJI,A
SANUR,A
ATLANTIC GRILL,A
OUEST,A
NOOK,A
IMPERIAL PALACE,A
TABOON,B
SWAGAT INDIAN RESTAURANT,C
HAPPY BEEF NOODLE HOUSE,A
RECIPE,A
COOKSHOP,A
CHELSEA MARKET,A
VICE VERSA RESTAURANT,A
SUSHI YASAKA,A
CAFE BLOSSOM,A
LATTANZI RISTORANTE,A
THE RED CAT,A
CHINA VILLAGE RESTAURANT,A
EXCELLENT THAI,A
MALAY RESTAURANT,C
GENNARO,A
FLOR DE MAYO,A
TELEPAN,A
SCARPETTA,A
CHEZ JOSEPHINE,B
THE ONENESS-FOUNTAIN-HEART,A
PONGSRI THAI RESTAURANT,A
KABUL KABAB HOUSE,A
LAND THAI KITCHEN,A
SHANGHAI HEPING RESTAURANT,B
CALLE OCHO,A
ORSO,A
GAM MEE OK TANG,A
SAIGON GRILL,A
ROYAL SIAM THAI CUISINE,A
LOI,A
LINCOLN RISTORANTE,A
GU SHINE TAIWANESE RESTAURANT,A
RIO & YOU,A
SOCARRAT PAELLA BAR,A
LA SILHOUETTE,A
FU RUN,A
FOO KEE SEAFOOD RESTAURANT,A
WONDEE SIAM,A
HOP LEE RESTAURANT,A
SWEET HOME CUISINE,A
BKNY THAI RESTAURANT,A
NAN XIANG DUMPLING HOUSE,A
ROSA MEXICANO,A
ASIATE,A
NHA TRANG ONE,A
HAPISGAH,A
GRAND SICHUAN INTERNATIONAL - CHELSEA,A
BUDDHA BODAI,A
MORIMOTO,A
BALI NUSA INDAH,A
HOP KEE,A
BANN,A
HAN JOO CHIK NAENG MYUN & BBQ,A
CELESTE,A
PURE THAI COOKHOUSE,A
EL QUIJOTE,A
LEGEND RESTAURANT,A
QI,B
CARA MIA,A
